code,location,start_date,end_date,no2,period
34-1,Turnhoutsebaan DE West,2021-01-29 11:32:00+01:00,2021-02-27 12:35:00+01:00,40,2
34-2,Turnhoutsebaan DE West,2021-01-29 11:32:00+01:00,2021-02-27 12:35:00+01:00,39,2
34-3,Turnhoutsebaan DE Oost,2021-01-29 11:37:00+01:00,2021-02-27 12:45:00+01:00,35,2
34-4,Turnhoutsebaan DE Oost,2021-01-29 11:37:00+01:00,2021-02-27 12:45:00+01:00,34,2
34-5,Turnhoutsebaan BO West,2021-01-29 15:25:00+01:00,2021-02-26 15:28:00+01:00,37,2
34-6,Turnhoutsebaan BO West,2021-01-29 15:25:00+01:00,2021-02-26 15:28:00+01:00,38,2
34-7,Turnhoutsebaan BO Oost,2021-01-29 15:35:00+01:00,2021-02-26 15:58:00+01:00,33,2
34-8,Turnhoutsebaan BO Oost,2021-01-29 15:35:00+01:00,2021-02-26 15:58:00+01:00,36,2
34-9,Deurnsebaan Zuid,2021-01-29 14:22:00+01:00,2021-02-26 09:16:00+01:00,38,2
34-10,Deurnsebaan Zuid,2021-01-29 14:22:00+01:00,2021-02-26 09:16:00+01:00,40,2
34-11,Deurnsebaan Noord,2021-01-29 14:28:00+01:00,2021-02-26 09:18:00+01:00,43,2
34-12,Deurnsebaan Noord,2021-01-29 14:28:00+01:00,2021-02-26 09:18:00+01:00,46,2
34-13,Van de Perre Noord,2021-01-29 11:15:00+01:00,2021-02-26 17:49:00+01:00,32,2
34-14,Van de Perre Noord,2021-01-29 11:15:00+01:00,2021-02-26 17:48:00+01:00,32,2
34-15,Van de Perre Zuid,2021-01-29 11:07:00+01:00,2021-02-26 17:40:00+01:00,34,2
34-16,Van de Perre Zuid,2021-01-29 11:07:00+01:00,2021-02-26 17:42:00+01:00,34,2
34-19,VMM Belgiëlei,2021-01-29 13:48:00+01:00,2021-02-26 20:01:00+01:00,29,2
34-20,VMM Belgiëlei,2021-01-29 13:48:00+01:00,2021-02-26 20:01:00+01:00,30,2
34-21,Provinciestraat Zuid,2021-01-29 14:26:00+01:00,2021-02-26 20:28:00+01:00,36,2
34-22,Provinciestraat Zuid,2021-01-29 14:26:00+01:00,2021-02-26 20:28:00+01:00,35,2
34-23,Provinciestraat Noord,2021-01-29 14:12:00+01:00,2021-02-26 20:17:00+01:00,35,2
34-24,Provinciestraat Noord,2021-01-29 14:12:00+01:00,2021-02-26 20:17:00+01:00,36,2
34-25,Gijselstraat,2021-01-29 21:08:00+01:00,2021-02-28 11:50:00+01:00,32,2
34-26,Gijselstraat,2021-01-29 21:08:00+01:00,2021-02-28 11:50:00+01:00,32,2
34-27,Klappeistraat,2021-01-30 11:48:00+01:00,2021-02-28 12:18:00+01:00,27,2
34-28,Klappeistraat,2021-01-30 11:48:00+01:00,2021-02-28 12:18:00+01:00,27,2
34-29,Pothoekstraat Noord,2021-01-30 13:01:00+01:00,2021-02-28 12:02:00+01:00,40,2
34-30,Pothoekstraat Noord,2021-01-30 13:01:00+01:00,2021-02-28 12:02:00+01:00,39,2
34-31,Pothoekstraat Zuid,2021-01-30 11:54:00+01:00,2021-02-28 12:14:00+01:00,39,2
34-32,Pothoekstraat Zuid,2021-01-30 11:54:00+01:00,2021-02-28 12:14:00+01:00,38,2
34-33,Borsbeekstraat Noord,2021-01-29 21:05:00+01:00,2021-02-28 11:45:00+01:00,34,2
34-34,Borsbeekstraat Noord,2021-01-29 21:05:00+01:00,2021-02-28 11:45:00+01:00,34,2
34-35,Borsbeekstraat Zuid,2021-01-29 21:02:00+01:00,2021-02-28 11:42:00+01:00,35,2
34-36,Borsbeekstraat Zuid,2021-01-29 21:02:00+01:00,2021-02-28 11:42:00+01:00,34,2
34-37,VMM Groenenborger,2021-01-29 18:42:00+01:00,2021-02-26 13:41:00+01:00,21,2
34-38,Cassiersstraat Oost,2021-01-29 13:08:00+01:00,2021-02-27 11:50:00+01:00,35,2
34-39,VMM Groenenborger,2021-01-29 18:42:00+01:00,2021-02-26 13:41:00+01:00,21,2
34-40,Sint-Bernardsesteenweg,2021-01-29 19:00:00+01:00,2021-02-26 21:15:00+01:00,33,2
34-41,Sint-Bernardsesteenweg,2021-01-29 19:00:00+01:00,2021-02-26 21:15:00+01:00,32,2
34-42,Abdijstraat,2021-01-29 19:07:00+01:00,2021-02-26 21:20:00+01:00,31,2
34-43,Abdijstraat,2021-01-29 19:07:00+01:00,2021-02-26 21:20:00+01:00,30,2
34-44,Cassiersstraat Oost,2021-01-29 13:08:00+01:00,2021-02-27 11:50:00+01:00,36,2
34-45,Cassiersstraat West,2021-01-29 13:12:00+01:00,2021-02-27 11:56:00+01:00,43,2
34-46,Cassiersstraat West,2021-01-29 13:12:00+01:00,2021-02-27 11:56:00+01:00,43,2
34-47,Nationalestraat Zuid,2021-01-29 12:09:00+01:00,2021-02-26 13:30:00+01:00,33,2
34-48,Nationalestraat Zuid,2021-01-29 12:09:00+01:00,2021-02-26 13:30:00+01:00,33,2
34-49,Nationalestraat Noord,2021-01-29 12:28:00+01:00,2021-02-26 13:40:00+01:00,33,2
34-50,Nationalestraat Noord,2021-01-29 12:28:00+01:00,2021-02-26 13:40:00+01:00,33,2
35-1,Deurnsebaan Zuid,2021-02-26 09:18:00+01:00,2021-03-29 08:56:00+02:00,41,3
35-2,Deurnsebaan Zuid,2021-02-26 09:18:00+01:00,2021-03-29 08:55:00+02:00,43,3
35-3,Deurnsebaan Noord,2021-02-26 09:16:00+01:00,2021-03-29 09:05:00+02:00,42,3
35-4,Deurnsebaan Noord,2021-02-26 09:16:00+01:00,2021-03-29 09:06:00+02:00,41,3
35-5,Van de Perre Zuid,2021-02-26 17:41:00+01:00,2021-03-26 17:10:00+01:00,37,3
35-6,Van de Perre Zuid,2021-02-26 17:43:00+01:00,2021-03-26 17:06:00+01:00,36,3
35-7,Van de Perre Noord,2021-02-26 17:50:00+01:00,2021-03-26 17:15:00+01:00,38,3
35-8,Van de Perre Noord,2021-02-26 17:49:00+01:00,2021-03-26 17:13:00+01:00,40,3
35-9,Turnhoutsebaan BO West,2021-02-26 15:28:00+01:00,2021-03-28 12:50:00+02:00,40,3
35-10,Turnhoutsebaan BO West,2021-02-26 15:28:00+01:00,2021-03-28 12:50:00+02:00,41,3
35-11,Turnhoutsebaan BO Oost,2021-02-26 15:58:00+01:00,2021-03-28 12:42:00+02:00,41,3
35-12,Turnhoutsebaan BO Oost,2021-02-26 15:58:00+01:00,2021-03-28 12:42:00+02:00,42,3
35-13,Turnhoutsebaan DE West,2021-02-27 12:35:00+01:00,2021-03-27 11:37:00+01:00,41,3
35-14,Turnhoutsebaan DE West,2021-02-27 12:35:00+01:00,2021-03-27 11:37:00+01:00,41,3
35-15,Turnhoutsebaan DE Oost,2021-02-27 12:45:00+01:00,2021-03-27 11:41:00+01:00,38,3
35-16,Turnhoutsebaan DE Oost,2021-02-27 12:45:00+01:00,2021-03-27 11:41:00+01:00,34,3
35-17,Provinciestraat Noord,2021-02-26 20:28:00+01:00,2021-03-26 16:02:00+01:00,34,3
35-18,Provinciestraat Noord,2021-02-26 20:28:00+01:00,2021-03-26 16:02:00+01:00,35,3
35-19,VMM Belgiëlei,2021-02-26 20:01:00+01:00,2021-03-26 15:43:00+01:00,34,3
35-20,VMM Belgiëlei,2021-02-26 20:01:00+01:00,2021-03-26 15:43:00+01:00,33,3
35-21,Provinciestraat Zuid,2021-02-26 20:17:00+01:00,2021-03-26 15:55:00+01:00,37,3
35-22,Provinciestraat Zuid,2021-02-26 20:17:00+01:00,2021-03-26 15:55:00+01:00,36,3
35-23,Pothoekstraat Noord,2021-02-28 12:02:00+01:00,2021-03-27 09:03:00+01:00,45,3
35-24,Pothoekstraat Noord,2021-02-28 12:02:00+01:00,2021-03-27 09:03:00+01:00,46,3
35-25,Pothoekstraat Zuid,2021-02-28 12:14:00+01:00,2021-03-27 09:08:00+01:00,38,3
35-26,Pothoekstraat Zuid,2021-02-28 12:14:00+01:00,2021-03-27 09:08:00+01:00,37,3
35-27,Borsbeekstraat Zuid,2021-02-28 11:42:00+01:00,2021-03-27 08:43:00+01:00,32,3
35-28,Borsbeekstraat Zuid,2021-02-28 11:42:00+01:00,2021-03-27 08:43:00+01:00,34,3
35-29,Borsbeekstraat Noord,2021-02-28 11:45:00+01:00,2021-03-27 08:38:00+01:00,35,3
35-30,Borsbeekstraat Noord,2021-02-28 11:45:00+01:00,2021-03-27 08:38:00+01:00,36,3
35-31,Gijselstraat,2021-02-28 11:50:00+01:00,2021-03-27 08:46:00+01:00,33,3
35-32,Gijselstraat,2021-02-28 11:50:00+01:00,2021-03-27 08:46:00+01:00,31,3
35-33,Klappeistraat,2021-02-28 12:18:00+01:00,2021-03-27 09:16:00+01:00,27,3
35-34,Klappeistraat,2021-02-28 12:18:00+01:00,2021-03-27 09:16:00+01:00,26,3
35-35,Sint-Bernardsesteenweg,2021-02-26 21:15:00+01:00,2021-03-27 21:03:00+01:00,37,3
35-36,Sint-Bernardsesteenweg,2021-02-26 21:15:00+01:00,2021-03-27 21:03:00+01:00,37,3
35-37,Abdijstraat,2021-02-26 21:20:00+01:00,2021-03-27 21:09:00+01:00,34,3
35-38,Abdijstraat,2021-02-26 21:20:00+01:00,2021-03-27 21:09:00+01:00,34,3
35-39,Nationalestraat Zuid,2021-02-26 13:30:00+01:00,2021-03-26 15:34:00+01:00,35,3
35-40,Nationalestraat Zuid,2021-02-26 13:30:00+01:00,2021-03-26 15:34:00+01:00,36,3
35-41,Nationalestraat Noord,2021-02-26 13:40:00+01:00,2021-03-26 15:40:00+01:00,32,3
35-42,Nationalestraat Noord,2021-02-26 13:40:00+01:00,2021-03-26 15:40:00+01:00,33,3
35-43,Cassiersstraat Oost,2021-02-27 11:50:00+01:00,2021-03-26 12:27:00+01:00,33,3
35-44,Cassiersstraat Oost,2021-02-27 11:50:00+01:00,2021-03-26 12:27:00+01:00,34,3
35-45,Cassiersstraat West,2021-02-27 11:56:00+01:00,2021-03-26 12:35:00+01:00,59,3
35-46,Cassiersstraat West,2021-02-27 11:56:00+01:00,2021-03-26 12:35:00+01:00,60,3
35-47,VMM Groenenborger,2021-02-26 13:41:00+01:00,2021-03-27 12:55:00+01:00,23,3
35-48,VMM Groenenborger,2021-02-26 13:41:00+01:00,2021-03-27 12:55:00+01:00,24,3
36-1,Deurnsebaan Noord,2021-03-29 08:55:00+02:00,2021-04-23 10:00:00+02:00,45,4
36-2,Deurnsebaan Noord,2021-03-29 08:56:00+02:00,2021-04-23 10:00:00+02:00,45,4
36-3,Deurnsebaan Zuid,2021-03-29 09:05:00+02:00,2021-04-23 10:00:00+02:00,48,4
36-4,Deurnsebaan Zuid,2021-03-29 09:06:00+02:00,2021-04-23 10:00:00+02:00,44,4
36-5,Van de Perre Zuid,2021-03-26 17:11:00+01:00,2021-04-23 16:51:00+02:00,32,4
36-6,Van de Perre Zuid,2021-03-26 17:07:00+01:00,2021-04-23 16:50:00+02:00,32,4
36-7,Van de Perre Noord,2021-03-26 17:18:00+01:00,2021-04-23 17:02:00+02:00,40,4
36-8,Van de Perre Noord,2021-03-26 17:14:00+01:00,2021-04-23 17:00:00+02:00,39,4
36-9,Turnhoutsebaan BO West,2021-03-28 12:50:00+02:00,2021-04-25 10:50:00+02:00,35,4
36-10,Turnhoutsebaan BO West,2021-03-28 12:50:00+02:00,2021-04-25 10:50:00+02:00,34,4
36-11,Turnhoutsebaan BO Oost,2021-03-28 12:42:00+02:00,2021-04-25 10:57:00+02:00,41,4
36-12,Turnhoutsebaan BO Oost,2021-03-28 12:42:00+02:00,2021-04-25 10:57:00+02:00,36,4
36-13,Turnhoutsebaan DE West,2021-03-27 11:37:00+01:00,2021-04-24 15:58:00+02:00,30,4
36-14,Turnhoutsebaan DE West,2021-03-27 11:37:00+01:00,2021-04-24 15:58:00+02:00,29,4
36-15,Turnhoutsebaan DE Oost,2021-03-27 11:41:00+01:00,2021-04-24 16:02:00+02:00,31,4
36-16,Turnhoutsebaan DE Oost,2021-03-27 11:41:00+01:00,2021-04-24 16:02:00+02:00,30,4
36-17,Provinciestraat Zuid,2021-03-26 16:02:00+01:00,2021-04-24 14:59:00+02:00,33,4
36-18,Provinciestraat Zuid,2021-03-26 16:02:00+01:00,2021-04-24 14:59:00+02:00,32,4
36-19,VMM Belgiëlei,2021-03-26 15:43:00+01:00,2021-04-24 14:33:00+02:00,29,4
36-20,VMM Belgiëlei,2021-03-26 15:43:00+01:00,2021-04-24 14:33:00+02:00,27,4
36-21,Provinciestraat Noord,2021-03-26 15:55:00+01:00,2021-04-24 14:51:00+02:00,31,4
36-22,Provinciestraat Noord,2021-03-26 15:55:00+01:00,2021-04-24 14:51:00+02:00,32,4
36-23,Pothoekstraat Zuid,2021-03-27 09:08:00+01:00,2021-04-24 08:52:00+02:00,36,4
36-24,Pothoekstraat Noord,2021-03-27 09:03:00+01:00,2021-04-24 08:49:00+02:00,42,4
36-25,Pothoekstraat Noord,2021-03-27 09:03:00+01:00,2021-04-24 08:49:00+02:00,43,4
36-26,Pothoekstraat Zuid,2021-03-27 09:08:00+01:00,2021-04-24 08:52:00+02:00,35,4
36-27,Borsbeekstraat Zuid,2021-03-27 08:43:00+01:00,2021-04-24 08:32:00+02:00,32,4
36-28,Borsbeekstraat Zuid,2021-03-27 08:43:00+01:00,2021-04-24 08:32:00+02:00,33,4
36-29,Borsbeekstraat Noord,2021-03-27 08:38:00+01:00,2021-04-24 08:35:00+02:00,35,4
36-30,Borsbeekstraat Noord,2021-03-27 08:38:00+01:00,2021-04-24 08:35:00+02:00,32,4
36-31,Klappeistraat,2021-03-27 09:16:00+01:00,2021-04-24 08:59:00+02:00,24,4
36-32,Klappeistraat,2021-03-27 09:16:00+01:00,2021-04-24 08:59:00+02:00,24,4
36-33,Gijselstraat,2021-03-27 08:46:00+01:00,2021-04-24 08:41:00+02:00,31,4
36-34,Gijselstraat,2021-03-27 08:46:00+01:00,2021-04-24 08:41:00+02:00,30,4
36-35,Sint-Bernardsesteenweg,2021-03-27 21:03:00+01:00,2021-04-24 21:11:00+02:00,35,4
36-36,Sint-Bernardsesteenweg,2021-03-27 21:03:00+01:00,2021-04-24 21:11:00+02:00,36,4
36-37,Abdijstraat,2021-03-27 21:09:00+01:00,2021-04-24 21:17:00+02:00,33,4
36-38,Abdijstraat,2021-03-27 21:09:00+01:00,2021-04-24 21:17:00+02:00,31,4
36-39,Nationalestraat Zuid,2021-03-26 15:34:00+01:00,2021-04-23 10:42:00+02:00,32,4
36-40,Nationalestraat Zuid,2021-03-26 15:34:00+01:00,2021-04-23 10:42:00+02:00,32,4
36-41,Nationalestraat Noord,2021-03-26 15:40:00+01:00,2021-04-23 10:49:00+02:00,29,4
36-42,Nationalestraat Noord,2021-03-26 15:40:00+01:00,2021-04-23 10:49:00+02:00,29,4
36-43,Cassiersstraat West,2021-03-26 12:32:00+01:00,2021-04-23 12:10:00+02:00,52,4
36-44,Cassiersstraat West,2021-03-26 12:32:00+01:00,2021-04-23 12:10:00+02:00,51,4
36-45,Cassiersstraat Oost,2021-03-26 12:25:00+01:00,2021-04-23 12:05:00+02:00,30,4
36-46,Cassiersstraat Oost,2021-03-26 12:25:00+01:00,2021-04-23 12:05:00+02:00,30,4
36-47,VMM Groenenborger,2021-03-27 12:55:00+01:00,2021-04-23 12:03:00+02:00,22,4
36-48,VMM Groenenborger,2021-03-27 12:55:00+01:00,2021-04-23 12:03:00+02:00,22,4
142-5,Van de Perre Zuid,2021-04-23 16:53:00+02:00,2021-05-21 17:40:00+02:00,30,5
142-6,Van de Perre Zuid,2021-04-23 16:54:00+02:00,2021-05-21 17:41:00+02:00,32,5
142-7,Van de Perre Noord,2021-04-23 17:01:00+02:00,2021-05-21 17:44:00+02:00,30,5
142-8,Van de Perre Noord,2021-04-23 17:03:00+02:00,2021-05-21 17:45:00+02:00,32,5
142-9,Turnhoutsebaan BO West,2021-04-25 10:50:00+02:00,2021-05-24 16:03:00+02:00,33,5
142-10,Turnhoutsebaan BO West,2021-04-25 10:50:00+02:00,2021-05-24 16:03:00+02:00,33,5
142-11,Turnhoutsebaan BO Oost,2021-04-25 10:57:00+02:00,2021-05-24 16:14:00+02:00,32,5
142-12,Turnhoutsebaan BO Oost,2021-04-25 10:57:00+02:00,2021-05-24 16:14:00+02:00,29,5
142-13,Turnhoutsebaan DE West,2021-04-24 15:58:00+02:00,2021-05-21 15:17:00+02:00,33,5
142-14,Turnhoutsebaan DE West,2021-04-24 15:58:00+02:00,2021-05-21 15:17:00+02:00,33,5
142-15,Turnhoutsebaan DE Oost,2021-04-24 16:02:00+02:00,2021-05-21 15:24:00+02:00,30,5
142-16,Turnhoutsebaan DE Oost,2021-04-24 16:02:00+02:00,2021-05-21 15:24:00+02:00,31,5
142-17,Provinciestraat Zuid,2021-04-24 14:59:00+02:00,2021-05-22 16:31:00+02:00,27,5
142-18,Provinciestraat Zuid,2021-04-24 14:59:00+02:00,2021-05-22 16:31:00+02:00,28,5
142-19,VMM Belgiëlei,2021-04-24 14:33:00+02:00,2021-05-22 16:13:00+02:00,25,5
142-20,VMM Belgiëlei,2021-04-24 14:33:00+02:00,2021-05-22 16:13:00+02:00,25,5
142-21,Provinciestraat Noord,2021-04-24 14:51:00+02:00,2021-05-22 16:25:00+02:00,31,5
142-22,Provinciestraat Noord,2021-04-24 14:51:00+02:00,2021-05-22 16:25:00+02:00,30,5
142-23,Pothoekstraat Zuid,2021-04-24 08:52:00+02:00,2021-05-21 18:53:00+02:00,30,5
142-24,Pothoekstraat Zuid,2021-04-24 08:52:00+02:00,2021-05-21 18:53:00+02:00,29,5
142-25,Pothoekstraat Noord,2021-04-24 08:49:00+02:00,2021-05-21 18:49:00+02:00,39,5
142-26,Pothoekstraat Noord,2021-04-24 08:49:00+02:00,2021-05-21 18:49:00+02:00,39,5
142-27,Borsbeekstraat Zuid,2021-04-24 08:32:00+02:00,2021-05-21 18:31:00+02:00,28,5
142-28,Borsbeekstraat Zuid,2021-04-24 08:32:00+02:00,2021-05-21 18:31:00+02:00,29,5
142-29,Borsbeekstraat Noord,2021-04-24 08:35:00+02:00,2021-05-21 18:35:00+02:00,30,5
142-30,Borsbeekstraat Noord,2021-04-24 08:35:00+02:00,2021-05-21 18:35:00+02:00,30,5
142-31,Klappeistraat,2021-04-24 08:59:00+02:00,2021-05-21 18:58:00+02:00,19,5
142-32,Klappeistraat,2021-04-24 08:59:00+02:00,2021-05-21 18:58:00+02:00,19,5
142-33,Gijselstraat,2021-04-24 08:41:00+02:00,2021-05-21 18:39:00+02:00,25,5
142-34,Gijselstraat,2021-04-24 08:41:00+02:00,2021-05-21 18:39:00+02:00,26,5
142-35,Sint-Bernardsesteenweg,2021-04-24 21:11:00+02:00,2021-05-21 21:22:00+02:00,33,5
142-36,Sint-Bernardsesteenweg,2021-04-24 21:11:00+02:00,2021-05-21 21:22:00+02:00,34,5
142-37,Abdijstraat,2021-04-24 21:17:00+02:00,2021-05-21 21:26:00+02:00,30,5
142-38,Abdijstraat,2021-04-24 21:17:00+02:00,2021-05-21 21:26:00+02:00,30,5
142-39,Nationalestraat Zuid,2021-04-23 10:42:00+02:00,2021-05-21 11:05:00+02:00,29,5
142-40,Nationalestraat Zuid,2021-04-23 10:42:00+02:00,2021-05-21 11:05:00+02:00,30,5
142-41,Nationalestraat Noord,2021-04-23 10:49:00+02:00,2021-05-21 11:13:00+02:00,26,5
142-42,Nationalestraat Noord,2021-04-23 10:49:00+02:00,2021-05-21 11:13:00+02:00,26,5
142-43,Cassiersstraat Oost,2021-04-23 12:05:00+02:00,2021-05-21 12:01:00+02:00,28,5
142-44,Cassiersstraat Oost,2021-04-23 12:05:00+02:00,2021-05-21 12:01:00+02:00,29,5
142-45,Cassiersstraat West,2021-04-23 12:10:00+02:00,2021-05-21 12:05:00+02:00,50,5
142-46,Cassiersstraat West,2021-04-23 12:10:00+02:00,2021-05-21 12:05:00+02:00,49,5
142-47,VMM Groenenborger,2021-04-23 12:03:00+02:00,2021-05-22 10:32:00+02:00,16,5
142-48,VMM Groenenborger,2021-04-23 12:03:00+02:00,2021-05-22 10:32:00+02:00,16,5
143-1,Deurnsebaan Noord,2021-04-23 10:00:00+02:00,2021-05-21 14:35:00+02:00,37,5
143-2,Deurnsebaan Noord,2021-04-23 10:00:00+02:00,2021-05-21 14:35:00+02:00,36,5
143-3,Deurnsebaan Zuid,2021-04-23 10:00:00+02:00,2021-05-21 14:42:00+02:00,38,5
143-4,Deurnsebaan Zuid,2021-04-23 10:00:00+02:00,2021-05-21 14:42:00+02:00,38,5
143-5,Van de Perre Zuid,2021-05-21 17:40:00+02:00,2021-06-18 15:53:00+02:00,24,6
143-6,Van de Perre Zuid,2021-05-21 17:41:00+02:00,2021-06-18 15:51:00+02:00,26,6
143-7,Van de Perre Noord,2021-05-21 17:44:00+02:00,2021-06-18 16:00:00+02:00,27,6
143-8,Van de Perre Noord,2021-05-21 17:46:00+02:00,2021-06-18 16:03:00+02:00,23,6
143-9,Turnhoutsebaan BO West,2021-05-24 16:03:00+02:00,2021-06-20 07:49:00+02:00,38,6
143-10,Turnhoutsebaan BO West,2021-05-24 16:03:00+02:00,2021-06-20 07:49:00+02:00,38,6
143-11,Turnhoutsebaan BO Oost,2021-05-24 16:14:00+02:00,2021-06-20 07:55:00+02:00,14,6
143-12,Turnhoutsebaan BO Oost,2021-05-24 16:14:00+02:00,2021-06-20 07:55:00+02:00,29,6
143-13,Turnhoutsebaan DE West,2021-05-21 15:17:00+02:00,2021-06-19 20:30:00+02:00,31,6
143-14,Turnhoutsebaan DE West,2021-05-21 15:17:00+02:00,2021-06-19 20:30:00+02:00,31,6
143-15,Turnhoutsebaan DE Oost,2021-05-21 15:24:00+02:00,2021-06-19 20:35:00+02:00,30,6
143-16,Turnhoutsebaan DE Oost,2021-05-21 15:24:00+02:00,2021-06-19 20:35:00+02:00,31,6
143-17,Provinciestraat Zuid,2021-05-22 16:31:00+02:00,2021-06-19 17:29:00+02:00,28,6
143-18,Provinciestraat Zuid,2021-05-22 16:31:00+02:00,2021-06-19 17:29:00+02:00,29,6
143-18,VMM Belgiëlei,2021-05-22 16:13:00+02:00,2021-06-19 17:11:00+02:00,20,6
143-20,VMM Belgiëlei,2021-05-22 16:13:00+02:00,2021-06-19 17:11:00+02:00,21,6
143-21,Provinciestraat Noord,2021-05-22 16:25:00+02:00,2021-06-19 17:22:00+02:00,25,6
143-22,Provinciestraat Noord,2021-05-22 16:25:00+02:00,2021-06-19 17:22:00+02:00,26,6
143-23,Pothoekstraat Zuid,2021-05-21 18:53:00+02:00,2021-06-19 08:51:00+02:00,35,6
143-24,Pothoekstraat Zuid,2021-05-21 18:53:00+02:00,2021-06-19 08:51:00+02:00,34,6
143-25,Pothoekstraat Noord,2021-05-21 18:49:00+02:00,2021-06-19 08:49:00+02:00,37,6
143-26,Pothoekstraat Noord,2021-05-21 18:49:00+02:00,2021-06-19 08:49:00+02:00,37,6
143-27,Borsbeekstraat Zuid,2021-05-21 18:31:00+02:00,2021-06-19 08:36:00+02:00,15,6
143-28,Borsbeekstraat Zuid,2021-05-21 18:31:00+02:00,2021-06-19 08:36:00+02:00,20,6
143-29,Borsbeekstraat Noord,2021-05-21 18:35:00+02:00,2021-06-19 08:33:00+02:00,17,6
143-30,Borsbeekstraat Noord,2021-05-21 18:35:00+02:00,2021-06-19 08:33:00+02:00,25,6
143-31,Klappeistraat,2021-05-21 18:58:00+02:00,2021-06-19 08:55:00+02:00,17,6
143-32,Klappeistraat,2021-05-21 18:58:00+02:00,2021-06-19 08:55:00+02:00,17,6
143-33,Gijselstraat,2021-05-21 18:39:00+02:00,2021-06-19 08:39:00+02:00,25,6
143-34,Gijselstraat,2021-05-21 18:39:00+02:00,2021-06-19 08:39:00+02:00,25,6
143-35,Sint-Bernardsesteenweg,2021-05-21 21:22:00+02:00,2021-06-18 22:05:00+02:00,24,6
143-36,Sint-Bernardsesteenweg,2021-05-21 21:22:00+02:00,2021-06-18 22:05:00+02:00,20,6
143-37,Abdijstraat,2021-05-21 21:26:00+02:00,2021-06-18 21:59:00+02:00,32,6
143-38,Abdijstraat,2021-05-21 21:26:00+02:00,2021-06-18 21:59:00+02:00,33,6
143-39,Nationalestraat Zuid,2021-05-21 11:05:00+02:00,2021-06-18 17:30:00+02:00,36,6
143-40,Nationalestraat Zuid,2021-05-21 11:05:00+02:00,2021-06-18 17:31:00+02:00,35,6
143-41,Nationalestraat Noord,2021-05-21 11:13:00+02:00,2021-06-18 17:36:00+02:00,27,6
143-42,Nationalestraat Noord,2021-05-21 11:13:00+02:00,2021-06-18 17:37:00+02:00,29,6
143-43,Cassiersstraat Oost,2021-05-21 12:01:00+02:00,2021-06-18 12:05:00+02:00,25,6
143-44,Cassiersstraat Oost,2021-05-21 12:01:00+02:00,2021-06-18 12:05:00+02:00,26,6
143-45,Cassiersstraat West,2021-05-21 12:05:00+02:00,2021-06-18 12:10:00+02:00,22,6
143-46,Cassiersstraat West,2021-05-21 12:05:00+02:00,2021-06-18 12:10:00+02:00,38,6
143-47,VMM Groenenborger,2021-05-22 10:32:00+02:00,2021-06-20 18:34:00+02:00,15,6
143-48,VMM Groenenborger,2021-05-22 10:32:00+02:00,2021-06-20 18:34:00+02:00,14,6
143-49,Deurnsebaan Zuid,2021-05-23 12:50:00+02:00,2021-06-18 11:22:00+02:00,36,6
143-50,Deurnsebaan Zuid,2021-05-23 12:50:00+02:00,2021-06-18 11:22:00+02:00,43,6
142-49,Deurnsebaan Noord,2021-05-23 12:48:00+02:00,2021-06-18 11:11:00+02:00,41,6
142-50,Deurnsebaan Noord,2021-05-23 12:48:00+02:00,2021-06-18 11:11:00+02:00,29,6
144-1,Deurnsebaan Noord,2021-06-18 11:11:00+02:00,2021-07-17 11:28:00+02:00,38,7
144-2,Deurnsebaan Noord,2021-06-18 11:11:00+02:00,2021-07-17 11:28:00+02:00,38,7
144-3,Deurnsebaan Zuid,2021-06-18 11:22:00+02:00,2021-07-17 11:26:00+02:00,39,7
144-4,Deurnsebaan Zuid,2021-06-18 11:22:00+02:00,2021-07-17 11:26:00+02:00,39,7
144-5,Van de Perre Zuid,2021-06-18 15:53:00+02:00,2021-07-16 15:24:00+02:00,29,7
144-6,Van de Perre Zuid,2021-06-18 15:51:00+02:00,2021-07-16 15:25:00+02:00,30,7
144-7,Van de Perre Noord,2021-06-18 16:01:00+02:00,2021-07-16 15:30:00+02:00,34,7
144-8,Van de Perre Noord,2021-06-18 16:03:00+02:00,2021-07-16 15:31:00+02:00,35,7
144-9,Turnhoutsebaan BO West,2021-06-20 07:49:00+02:00,2021-07-17 16:22:00+02:00,31,7
144-10,Turnhoutsebaan BO West,2021-06-20 07:49:00+02:00,2021-07-17 16:22:00+02:00,32,7
144-11,Turnhoutsebaan BO Oost,2021-06-20 07:55:00+02:00,2021-07-17 16:31:00+02:00,30,7
144-12,Turnhoutsebaan BO Oost,2021-06-20 07:55:00+02:00,2021-07-17 16:31:00+02:00,33,7
144-13,Turnhoutsebaan DE West,2021-06-19 20:30:00+02:00,2021-07-17 14:40:00+02:00,27,7
144-14,Turnhoutsebaan DE West,2021-06-19 20:30:00+02:00,2021-07-17 14:40:00+02:00,29,7
144-15,Turnhoutsebaan DE Oost,2021-06-19 20:35:00+02:00,2021-07-17 14:35:00+02:00,27,7
144-16,Turnhoutsebaan DE Oost,2021-06-19 20:35:00+02:00,2021-07-17 14:35:00+02:00,29,7
144-17,Provinciestraat Zuid,2021-06-19 17:29:00+02:00,2021-07-17 15:58:00+02:00,29,7
144-18,Provinciestraat Zuid,2021-06-19 17:29:00+02:00,2021-07-17 15:58:00+02:00,30,7
144-19,VMM Belgiëlei,2021-06-19 17:11:00+02:00,2021-07-17 15:35:00+02:00,25,7
144-20,VMM Belgiëlei,2021-06-19 17:11:00+02:00,2021-07-17 15:35:00+02:00,25,7
144-21,Provinciestraat Noord,2021-06-19 17:22:00+02:00,2021-07-17 15:51:00+02:00,30,7
144-22,Provinciestraat Noord,2021-06-19 17:22:00+02:00,2021-07-17 15:51:00+02:00,30,7
144-23,Pothoekstraat Zuid,2021-06-19 08:51:00+02:00,2021-07-17 08:49:00+02:00,30,7
144-24,Pothoekstraat Zuid,2021-06-19 08:51:00+02:00,2021-07-17 08:49:00+02:00,31,7
144-25,Pothoekstraat Noord,2021-06-19 08:49:00+02:00,2021-07-17 08:45:00+02:00,41,7
144-26,Pothoekstraat Noord,2021-06-19 08:49:00+02:00,2021-07-17 08:45:00+02:00,41,7
144-27,Borsbeekstraat Zuid,2021-06-19 08:36:00+02:00,2021-07-17 08:37:00+02:00,28,7
144-28,Borsbeekstraat Zuid,2021-06-19 08:36:00+02:00,2021-07-17 08:37:00+02:00,28,7
144-29,Borsbeekstraat Noord,2021-06-19 08:33:00+02:00,2021-07-17 08:34:00+02:00,31,7
144-30,Borsbeekstraat Noord,2021-06-19 08:33:00+02:00,2021-07-17 08:34:00+02:00,31,7
144-31,Klappeistraat,2021-06-19 08:55:00+02:00,2021-07-17 08:52:00+02:00,18,7
144-32,Klappeistraat,2021-06-19 08:55:00+02:00,2021-07-17 08:52:00+02:00,19,7
144-33,Gijselstraat,2021-06-19 08:39:00+02:00,2021-07-17 08:40:00+02:00,26,7
144-34,Gijselstraat,2021-06-19 08:39:00+02:00,2021-07-17 08:40:00+02:00,26,7
144-35,Sint-Bernardsesteenweg,2021-06-18 22:05:00+02:00,2021-07-17 22:18:00+02:00,32,7
144-36,Sint-Bernardsesteenweg,2021-06-18 22:05:00+02:00,2021-07-17 22:18:00+02:00,28,7
144-37,Abdijstraat,2021-06-18 21:59:00+02:00,2021-07-17 22:22:00+02:00,31,7
144-38,Abdijstraat,2021-06-18 21:59:00+02:00,2021-07-17 22:22:00+02:00,32,7
144-39,Nationalestraat Zuid,2021-06-18 17:30:00+02:00,2021-07-18 10:01:00+02:00,32,7
144-40,Nationalestraat Zuid,2021-06-18 17:31:00+02:00,2021-07-18 10:02:00+02:00,32,7
144-41,Nationalestraat Noord,2021-06-18 17:36:00+02:00,2021-07-18 10:06:00+02:00,27,7
144-42,Nationalestraat Noord,2021-06-18 17:37:00+02:00,2021-07-18 10:07:00+02:00,26,7
144-43,Cassiersstraat Oost,2021-06-18 12:05:00+02:00,2021-07-16 14:09:00+02:00,26,7
144-44,Cassiersstraat West,2021-06-18 12:10:00+02:00,2021-07-16 14:13:00+02:00,33,7
144-45,Cassiersstraat Oost,2021-06-18 12:05:00+02:00,2021-07-16 14:09:00+02:00,27,7
144-46,Cassiersstraat West,2021-06-18 12:10:00+02:00,2021-07-16 14:13:00+02:00,34,7
144-47,VMM Groenenborger,2021-06-20 18:34:00+02:00,2021-07-16 16:30:00+02:00,17,7
144-48,VMM Groenenborger,2021-06-20 18:34:00+02:00,2021-07-16 16:30:00+02:00,17,7
251_1,Deurnsebaan Noord,2021-07-17 11:28:00+02:00,2021-08-13 11:56:00+02:00,29,8
251_2,Deurnsebaan Noord,2021-07-17 11:28:00+02:00,2021-08-13 11:56:00+02:00,31,8
251_3,Deurnsebaan Zuid,2021-07-17 11:26:00+02:00,2021-08-13 11:54:00+02:00,36,8
251_4,Deurnsebaan Zuid,2021-07-17 11:26:00+02:00,2021-08-13 11:54:00+02:00,33,8
251_5,Van de Perre Zuid,2021-07-16 15:24:00+02:00,2021-08-13 19:28:00+02:00,23,8
251_6,Van de Perre Zuid,2021-07-16 15:25:00+02:00,2021-08-13 19:28:00+02:00,23,8
251_7,Van de Perre Noord,2021-07-16 15:30:00+02:00,2021-08-13 19:34:00+02:00,26,8
251_8,Van de Perre Noord,2021-07-16 15:31:00+02:00,2021-08-13 19:34:00+02:00,18,8
251_9,Turnhoutsebaan BO West,2021-07-17 16:22:00+02:00,2021-08-15 17:29:00+02:00,30,8
251_10,Turnhoutsebaan BO West,2021-07-17 16:22:00+02:00,2021-08-15 17:29:00+02:00,30,8
251_11,Turnhoutsebaan BO Oost,2021-07-17 16:31:00+02:00,2021-08-15 17:35:00+02:00,28,8
251_12,Turnhoutsebaan BO Oost,2021-07-17 16:31:00+02:00,2021-08-15 17:35:00+02:00,26,8
251_13,Turnhoutsebaan DE Oost,2021-07-17 14:35:00+02:00,2021-08-16 11:00:00+02:00,26,8
251_14,Turnhoutsebaan DE Oost,2021-07-17 14:35:00+02:00,2021-08-16 11:00:00+02:00,25,8
251_15,Turnhoutsebaan DE West,2021-07-17 14:40:00+02:00,2021-08-16 11:05:00+02:00,26,8
251_16,Turnhoutsebaan DE West,2021-07-17 14:40:00+02:00,2021-08-16 11:05:00+02:00,26,8
251_17,Provinciestraat Zuid,2021-07-17 15:58:00+02:00,2021-08-14 11:44:00+02:00,23,8
251_18,Provinciestraat Zuid,2021-07-17 15:58:00+02:00,2021-08-14 11:44:00+02:00,24,8
251_19,VMM Belgiëlei,2021-07-17 15:35:00+02:00,2021-08-14 11:36:00+02:00,20,8
251_20,VMM Belgiëlei,2021-07-17 15:35:00+02:00,2021-08-14 11:36:00+02:00,19,8
251_21,Provinciestraat Noord,2021-07-17 15:51:00+02:00,2021-08-14 11:51:00+02:00,25,8
251_22,Provinciestraat Noord,2021-07-17 15:51:00+02:00,2021-08-14 11:51:00+02:00,24,8
251_23,Pothoekstraat Zuid,2021-07-17 08:49:00+02:00,2021-08-15 08:52:00+02:00,26,8
251_24,Pothoekstraat Zuid,2021-07-17 08:49:00+02:00,2021-08-15 08:52:00+02:00,26,8
251_25,Pothoekstraat Noord,2021-07-17 08:45:00+02:00,2021-08-15 08:50:00+02:00,32,8
251_26,Pothoekstraat Noord,2021-07-17 08:45:00+02:00,2021-08-15 08:50:00+02:00,33,8
251_27,Borsbeekstraat Zuid,2021-07-17 08:37:00+02:00,2021-08-15 08:40:00+02:00,23,8
251_28,Borsbeekstraat Zuid,2021-07-17 08:37:00+02:00,2021-08-15 08:40:00+02:00,23,8
251_29,Borsbeekstraat Noord,2021-07-17 08:34:00+02:00,2021-08-15 08:38:00+02:00,22,8
251_30,Borsbeekstraat Noord,2021-07-17 08:34:00+02:00,2021-08-15 08:38:00+02:00,19,8
251_31,Klappeistraat,2021-07-17 08:52:00+02:00,2021-08-15 08:52:00+02:00,12,8
251_32,Klappeistraat,2021-07-17 08:52:00+02:00,2021-08-15 08:52:00+02:00,14,8
251_33,Gijselstraat,2021-07-17 08:40:00+02:00,2021-08-15 08:44:00+02:00,20,8
251_34,Gijselstraat,2021-07-17 08:40:00+02:00,2021-08-15 08:44:00+02:00,20,8
251_35,Sint-Bernardsesteenweg,2021-07-17 22:18:00+02:00,2021-08-14 23:02:00+02:00,26,8
251_36,Sint-Bernardsesteenweg,2021-07-17 22:18:00+02:00,2021-08-14 23:02:00+02:00,29,8
251_37,Abdijstraat,2021-07-17 22:22:00+02:00,2021-08-14 22:57:00+02:00,26,8
251_38,Abdijstraat,2021-07-17 22:22:00+02:00,2021-08-14 22:57:00+02:00,26,8
251_39,Nationalestraat Zuid,2021-07-18 10:01:00+02:00,2021-08-16 11:01:00+02:00,29,8
251_40,Nationalestraat Zuid,2021-07-18 10:02:00+02:00,2021-08-16 11:02:00+02:00,29,8
251_41,Nationalestraat Noord,2021-07-18 10:06:00+02:00,2021-08-16 11:06:00+02:00,24,8
251_42,Nationalestraat Noord,2021-07-18 10:07:00+02:00,2021-08-16 11:07:00+02:00,28,8
251_43,Cassiersstraat West,2021-07-16 14:09:00+02:00,2021-08-14 12:57:00+02:00,25,8
251_44,Cassiersstraat West,2021-07-16 14:13:00+02:00,2021-08-14 12:57:00+02:00,26,8
251_45,Cassiersstraat Oost,2021-07-16 14:09:00+02:00,2021-08-14 12:53:00+02:00,23,8
251_46,Cassiersstraat Oost,2021-07-16 14:13:00+02:00,2021-08-14 12:53:00+02:00,23,8
251_47,VMM Groenenborger,2021-07-16 16:30:00+02:00,2021-08-13 10:50:00+02:00,13,8
251_48,VMM Groenenborger,2021-07-16 16:30:00+02:00,2021-08-13 10:50:00+02:00,13,8
251_49,Van Maerlant,2021-07-17 12:00:00+02:00,2021-08-15 12:24:00+02:00,34,8
251_50,Van Maerlant,2021-07-17 12:00:00+02:00,2021-08-15 12:24:00+02:00,26,8
251_51,Kennedy_lift,2021-07-17 11:49:00+02:00,2021-08-14 23:18:00+02:00,21,8
251_52,Kennedy_lift,2021-07-17 11:49:00+02:00,2021-08-14 23:18:00+02:00,21,8
251_53,Kennedy_mid,2021-07-17 11:37:00+02:00,2021-08-14 23:22:00+02:00,27,8
251_54,Kennedy_mid,2021-07-17 11:37:00+02:00,2021-08-14 23:22:00+02:00,28,8
252-1,Deurnsebaan Noord,2021-08-13 11:56:00+02:00,2021-09-11 12:29:00+02:00,41,9
252-2,Deurnsebaan Noord,2021-08-13 11:56:00+02:00,2021-09-11 12:29:00+02:00,39,9
252-3,Deurnsebaan Zuid,2021-08-13 11:54:00+02:00,2021-09-11 12:31:00+02:00,43,9
252-4,Deurnsebaan Zuid,2021-08-13 11:54:00+02:00,2021-09-11 12:31:00+02:00,42,9
252-5,Van de Perre Zuid,2021-08-13 19:28:00+02:00,2021-09-10 10:23:00+02:00,26,9
252-6,Van de Perre Zuid,2021-08-13 19:28:00+02:00,2021-09-10 10:23:00+02:00,26,9
252-7,Van de Perre Noord,2021-08-13 19:34:00+02:00,2021-09-10 10:27:00+02:00,31,9
252-8,Van de Perre Noord,2021-08-13 19:34:00+02:00,2021-09-10 10:27:00+02:00,36,9
252-9,Turnhoutsebaan BO West,2021-08-15 17:29:00+02:00,2021-09-12 10:29:00+02:00,30,9
252-10,Turnhoutsebaan BO West,2021-08-15 17:29:00+02:00,2021-09-12 10:29:00+02:00,30,9
252-11,Turnhoutsebaan BO Oost,2021-08-15 17:35:00+02:00,2021-09-12 10:35:00+02:00,34,9
252-12,Turnhoutsebaan BO Oost,2021-08-15 17:35:00+02:00,2021-09-12 10:35:00+02:00,33,9
252-13,Turnhoutsebaan DE Oost,2021-08-16 11:00:00+02:00,2021-09-10 18:45:00+02:00,27,9
252-14,Turnhoutsebaan DE Oost,2021-08-16 11:00:00+02:00,2021-09-10 18:45:00+02:00,27,9
252-15,Turnhoutsebaan DE West,2021-08-16 11:05:00+02:00,2021-09-10 18:50:00+02:00,27,9
252-16,Turnhoutsebaan DE West,2021-08-16 11:05:00+02:00,2021-09-10 18:50:00+02:00,27,9
252-17,Provinciestraat Zuid,2021-08-14 11:44:00+02:00,2021-09-11 14:50:00+02:00,31,9
252-18,Provinciestraat Zuid,2021-08-14 11:44:00+02:00,2021-09-11 14:50:00+02:00,31,9
252-19,VMM Belgiëlei,2021-08-14 11:36:00+02:00,2021-09-11 14:38:00+02:00,23,9
252-20,VMM Belgiëlei,2021-08-14 11:36:00+02:00,2021-09-11 14:38:00+02:00,25,9
252-21,Provinciestraat Noord,2021-08-14 11:51:00+02:00,2021-09-11 15:01:00+02:00,27,9
252-22,Provinciestraat Noord,2021-08-14 11:51:00+02:00,2021-09-11 15:01:00+02:00,28,9
252-23,Pothoekstraat Zuid,2021-08-15 08:52:00+02:00,2021-09-13 09:04:00+02:00,30,9
252-24,Pothoekstraat Zuid,2021-08-15 08:52:00+02:00,2021-09-13 09:04:00+02:00,30,9
252-25,Pothoekstraat Noord,2021-08-15 08:50:00+02:00,2021-09-13 09:00:00+02:00,36,9
252-26,Pothoekstraat Noord,2021-08-15 08:50:00+02:00,2021-09-13 09:00:00+02:00,35,9
252-27,Borsbeekstraat Zuid,2021-08-15 08:40:00+02:00,2021-09-13 08:46:00+02:00,26,9
252-28,Borsbeekstraat Zuid,2021-08-15 08:40:00+02:00,2021-09-13 08:46:00+02:00,26,9
252-29,Borsbeekstraat Noord,2021-08-15 08:38:00+02:00,2021-09-13 08:40:00+02:00,28,9
252-30,Borsbeekstraat Noord,2021-08-15 08:38:00+02:00,2021-09-13 08:40:00+02:00,27,9
252-31,Klappeistraat,2021-08-15 08:52:00+02:00,2021-09-13 09:11:00+02:00,16,9
252-32,Klappeistraat,2021-08-15 08:52:00+02:00,2021-09-13 09:11:00+02:00,16,9
252-33,Gijselstraat,2021-08-15 08:44:00+02:00,2021-09-13 08:35:00+02:00,24,9
252-34,Gijselstraat,2021-08-15 08:44:00+02:00,2021-09-13 08:35:00+02:00,24,9
252-35,Sint-Bernardsesteenweg,2021-08-14 23:02:00+02:00,2021-09-11 21:55:00+02:00,29,9
252-36,Sint-Bernardsesteenweg,2021-08-14 23:02:00+02:00,2021-09-11 21:55:00+02:00,29,9
252-37,Abdijstraat,2021-08-14 22:57:00+02:00,2021-09-11 21:58:00+02:00,28,9
252-38,Abdijstraat,2021-08-14 22:57:00+02:00,2021-09-11 21:58:00+02:00,28,9
252-39,Nationalestraat Zuid,2021-08-16 11:01:00+02:00,2021-09-12 11:01:00+02:00,30,9
252-40,Nationalestraat Zuid,2021-08-16 11:02:00+02:00,2021-09-12 11:01:00+02:00,29,9
252-41,Nationalestraat Noord,2021-08-16 11:06:00+02:00,2021-09-12 11:07:00+02:00,29,9
252-42,Nationalestraat Noord,2021-08-16 11:07:00+02:00,2021-09-12 11:07:00+02:00,28,9
252-43,Cassiersstraat Oost,2021-08-14 12:53:00+02:00,2021-09-10 11:34:00+02:00,24,9
252-44,Cassiersstraat Oost,2021-08-14 12:53:00+02:00,2021-09-10 11:34:00+02:00,24,9
252-45,Cassiersstraat West,2021-08-14 12:57:00+02:00,2021-09-10 11:42:00+02:00,29,9
252-46,Cassiersstraat West,2021-08-14 12:57:00+02:00,2021-09-10 11:42:00+02:00,34,9
252-47,VMM Groenenborger,2021-08-13 10:50:00+02:00,2021-09-13 17:50:00+02:00,17,9
252-48,VMM Groenenborger,2021-08-13 10:50:00+02:00,2021-09-13 17:50:00+02:00,15,9
252-49,Van Maerlant,2021-08-15 12:24:00+02:00,2021-09-10 10:05:00+02:00,35,9
252-50,Van Maerlant,2021-08-15 12:24:00+02:00,2021-09-10 10:05:00+02:00,36,9
252-51,Kennedy_lift,2021-08-14 23:18:00+02:00,2021-09-11 22:12:00+02:00,26,9
252-52,Kennedy_lift,2021-08-14 23:18:00+02:00,2021-09-11 22:12:00+02:00,27,9
252-53,Kennedy_mid,2021-08-14 23:22:00+02:00,2021-09-11 22:15:00+02:00,37,9
252-54,Kennedy_mid,2021-08-14 23:22:00+02:00,2021-09-11 22:15:00+02:00,37,9
253-1,Deurnsebaan Noord,2021-09-11 12:29:00+02:00,2021-10-09 09:32:00+02:00,38,10
253-2,Deurnsebaan Noord,2021-09-11 12:29:00+02:00,2021-10-09 09:32:00+02:00,39,10
253-3,Deurnsebaan Zuid,2021-09-11 12:31:00+02:00,2021-10-09 09:31:00+02:00,44,10
253-4,Deurnsebaan Zuid,2021-09-11 12:31:00+02:00,2021-10-09 09:31:00+02:00,44,10
253-5,Van de Perre Zuid,2021-09-10 10:23:00+02:00,2021-10-08 09:17:00+02:00,35,10
253-6,Van de Perre Zuid,2021-09-10 10:23:00+02:00,2021-10-08 09:17:00+02:00,35,10
253-7,Van de Perre Noord,2021-09-10 10:27:00+02:00,2021-10-08 09:22:00+02:00,35,10
253-8,Van de Perre Noord,2021-09-10 10:27:00+02:00,2021-10-08 09:22:00+02:00,34,10
253-9,Turnhoutsebaan BO West,2021-09-12 10:29:00+02:00,2021-10-09 14:36:00+02:00,36,10
253-10,Turnhoutsebaan BO West,2021-09-12 10:29:00+02:00,2021-10-09 14:36:00+02:00,37,10
253-11,Turnhoutsebaan BO Oost,2021-09-12 10:35:00+02:00,2021-10-09 14:14:00+02:00,36,10
253-12,Turnhoutsebaan BO Oost,2021-09-12 10:35:00+02:00,2021-10-09 14:14:00+02:00,35,10
253-13,Turnhoutsebaan DE Oost,2021-09-10 18:45:00+02:00,2021-10-12 12:03:00+02:00,35,10
253-14,Turnhoutsebaan DE Oost,2021-09-10 18:45:00+02:00,2021-10-12 12:03:00+02:00,36,10
253-15,Turnhoutsebaan DE West,2021-09-10 18:50:00+02:00,2021-10-12 12:10:00+02:00,39,10
253-16,Turnhoutsebaan DE West,2021-09-10 18:50:00+02:00,2021-10-12 12:10:00+02:00,38,10
253-17,Provinciestraat Zuid,2021-09-11 14:50:00+02:00,2021-10-09 14:41:00+02:00,35,10
253-18,Provinciestraat Zuid,2021-09-11 14:50:00+02:00,2021-10-09 14:41:00+02:00,35,10
253-19,VMM Belgiëlei,2021-09-11 14:38:00+02:00,2021-10-09 14:57:00+02:00,29,10
253-20,VMM Belgiëlei,2021-09-11 14:38:00+02:00,2021-10-09 14:57:00+02:00,30,10
253-21,Provinciestraat Noord,2021-09-11 15:01:00+02:00,2021-10-09 14:47:00+02:00,36,10
253-22,Provinciestraat Noord,2021-09-11 15:01:00+02:00,2021-10-09 14:47:00+02:00,35,10
253-23,Pothoekstraat Zuid,2021-09-13 09:04:00+02:00,2021-10-09 08:53:00+02:00,35,10
253-24,Pothoekstraat Zuid,2021-09-13 09:04:00+02:00,2021-10-09 08:53:00+02:00,35,10
253-25,Pothoekstraat Noord,2021-09-13 09:00:00+02:00,2021-10-09 08:48:00+02:00,41,10
253-26,Pothoekstraat Noord,2021-09-13 09:00:00+02:00,2021-10-09 08:48:00+02:00,39,10
253-27,Borsbeekstraat Zuid,2021-09-13 08:46:00+02:00,2021-10-09 08:40:00+02:00,35,10
253-28,Borsbeekstraat Zuid,2021-09-13 08:46:00+02:00,2021-10-09 08:40:00+02:00,34,10
253-29,Borsbeekstraat Noord,2021-09-13 08:40:00+02:00,2021-10-09 08:37:00+02:00,35,10
253-30,Borsbeekstraat Noord,2021-09-13 08:40:00+02:00,2021-10-09 08:37:00+02:00,34,10
253-31,Klappeistraat,2021-09-13 09:11:00+02:00,2021-10-09 08:58:00+02:00,22,10
253-32,Klappeistraat,2021-09-13 09:11:00+02:00,2021-10-09 08:58:00+02:00,24,10
253-33,Gijselstraat,2021-09-13 08:35:00+02:00,2021-10-09 08:43:00+02:00,30,10
253-34,Gijselstraat,2021-09-13 08:35:00+02:00,2021-10-09 08:43:00+02:00,30,10
253-35,Sint-Bernardsesteenweg,2021-09-11 21:55:00+02:00,2021-10-10 23:17:00+02:00,36,10
253-36,Sint-Bernardsesteenweg,2021-09-11 21:55:00+02:00,2021-10-10 23:17:00+02:00,34,10
253-37,Abdijstraat,2021-09-11 21:58:00+02:00,2021-10-10 23:21:00+02:00,32,10
253-38,Abdijstraat,2021-09-11 21:58:00+02:00,2021-10-10 23:21:00+02:00,34,10
253-39,Nationalestraat Zuid,2021-09-12 11:01:00+02:00,2021-10-08 10:03:00+02:00,36,10
253-40,Nationalestraat Zuid,2021-09-12 11:01:00+02:00,2021-10-08 10:04:00+02:00,35,10
253-41,Nationalestraat Noord,2021-09-12 11:07:00+02:00,2021-10-08 11:08:00+02:00,33,10
253-42,Nationalestraat Noord,2021-09-12 11:07:00+02:00,2021-10-08 11:09:00+02:00,32,10
253-43,Cassiersstraat West,2021-09-10 11:42:00+02:00,2021-10-09 12:34:00+02:00,37,10
253-44,Cassiersstraat Oost,2021-09-10 11:42:00+02:00,2021-10-09 12:28:00+02:00,34,10
253-45,Cassiersstraat Oost,2021-09-10 11:34:00+02:00,2021-10-09 12:28:00+02:00,36,10
253-46,Cassiersstraat West,2021-09-10 11:34:00+02:00,2021-10-09 12:34:00+02:00,36,10
253-47,VMM Groenenborger,2021-09-13 17:50:00+02:00,2021-10-08 14:39:00+02:00,20,10
253-48,VMM Groenenborger,2021-09-13 17:50:00+02:00,2021-10-08 14:39:00+02:00,19,10
253-49,Van Maerlant,2021-09-10 10:05:00+02:00,2021-10-10 12:10:00+02:00,44,10
253-50,Van Maerlant,2021-09-10 10:05:00+02:00,2021-10-10 12:10:00+02:00,43,10
253-51,Kennedy_lift,2021-09-11 22:12:00+02:00,2021-10-10 23:36:00+02:00,28,10
253-52,Kennedy_lift,2021-09-11 22:12:00+02:00,2021-10-10 23:36:00+02:00,28,10
253-53,Kennedy_mid,2021-09-11 22:15:00+02:00,2021-10-10 23:38:00+02:00,35,10
253-54,Kennedy_mid,2021-09-11 22:15:00+02:00,2021-10-10 23:38:00+02:00,36,10
365_1,Deurnsebaan Noord,2021-10-09 09:32:00+02:00,2021-11-06 11:08:00+01:00,39,11
365_2,Deurnsebaan Noord,2021-10-09 09:32:00+02:00,2021-11-06 11:08:00+01:00,40,11
365_3,Deurnsebaan Zuid,2021-10-09 09:31:00+02:00,2021-11-06 11:07:00+01:00,41,11
365_4,Deurnsebaan Zuid,2021-10-09 09:31:00+02:00,2021-11-06 11:07:00+01:00,43,11
365_5,Van de Perre Zuid,2021-10-08 09:17:00+02:00,2021-11-05 10:26:00+01:00,36,11
365_6,Van de Perre Zuid,2021-10-08 09:17:00+02:00,2021-11-05 10:26:00+01:00,37,11
365_7,Van de Perre Noord,2021-10-08 09:22:00+02:00,2021-11-05 10:34:00+01:00,35,11
365_8,Van de Perre Noord,2021-10-08 09:22:00+02:00,2021-11-05 10:34:00+01:00,35,11
365_9,Turnhoutsebaan BO West,2021-10-09 14:36:00+02:00,2021-11-07 14:10:00+01:00,37,11
365_10,Turnhoutsebaan BO West,2021-10-09 14:36:00+02:00,2021-11-07 14:10:00+01:00,37,11
365_11,Turnhoutsebaan BO Oost,2021-10-09 14:14:00+02:00,2021-11-07 14:16:00+01:00,33,11
365_12,Turnhoutsebaan BO Oost,2021-10-09 14:14:00+02:00,2021-11-07 14:16:00+01:00,34,11
365_13,Turnhoutsebaan DE Oost,2021-10-12 12:03:00+02:00,2021-11-07 18:20:00+01:00,37,11
365_14,Turnhoutsebaan DE Oost,2021-10-12 12:03:00+02:00,2021-11-07 18:20:00+01:00,37,11
365_15,Turnhoutsebaan DE West,2021-10-12 12:10:00+02:00,2021-11-07 18:23:00+01:00,39,11
365_16,Turnhoutsebaan DE West,2021-10-12 12:10:00+02:00,2021-11-07 18:23:00+01:00,40,11
365_17,Provinciestraat Zuid,2021-10-09 14:41:00+02:00,2021-11-06 11:11:00+01:00,35,11
365_18,Provinciestraat Zuid,2021-10-09 14:41:00+02:00,2021-11-06 11:11:00+01:00,35,11
365_19,VMM Belgiëlei,2021-10-09 14:57:00+02:00,2021-11-06 10:52:00+01:00,33,11
365_20,VMM Belgiëlei,2021-10-09 14:57:00+02:00,2021-11-06 10:52:00+01:00,30,11
365_21,Provinciestraat Noord,2021-10-09 14:47:00+02:00,2021-11-06 11:03:00+01:00,37,11
365_22,Provinciestraat Noord,2021-10-09 14:47:00+02:00,2021-11-06 11:03:00+01:00,39,11
365_23,Pothoekstraat Zuid,2021-10-09 08:53:00+02:00,2021-11-06 09:16:00+01:00,35,11
365_24,Pothoekstraat Zuid,2021-10-09 08:53:00+02:00,2021-11-10 09:47:00+01:00,35,11
365_25,Pothoekstraat Noord,2021-10-09 08:48:00+02:00,2021-11-06 09:15:00+01:00,43,11
365_26,Pothoekstraat Noord,2021-10-09 08:48:00+02:00,2021-11-06 09:15:00+01:00,42,11
365_27,Borsbeekstraat Zuid,2021-10-09 08:40:00+02:00,2021-11-06 09:05:00+01:00,34,11
365_28,Borsbeekstraat Zuid,2021-10-09 08:40:00+02:00,2021-11-06 09:05:00+01:00,36,11
365_29,Borsbeekstraat Noord,2021-10-09 08:37:00+02:00,2021-11-06 09:00:00+01:00,36,11
365_30,Borsbeekstraat Noord,2021-10-09 08:37:00+02:00,2021-11-06 09:00:00+01:00,37,11
365_31,Klappeistraat,2021-10-09 08:58:00+02:00,2021-11-06 09:20:00+01:00,27,11
365_32,Klappeistraat,2021-10-09 08:58:00+02:00,2021-11-06 09:20:00+01:00,27,11
365_33,Gijselstraat,2021-10-09 08:43:00+02:00,2021-11-06 09:10:00+01:00,32,11
365_34,Gijselstraat,2021-10-09 08:43:00+02:00,2021-11-06 09:10:00+01:00,31,11
365_35,Sint-Bernardsesteenweg,2021-10-10 23:17:00+02:00,2021-11-05 22:30:00+01:00,35,11
365_36,Sint-Bernardsesteenweg,2021-10-10 23:17:00+02:00,2021-11-05 22:30:00+01:00,36,11
365_37,Abdijstraat,2021-10-10 23:21:00+02:00,2021-11-05 22:35:00+01:00,33,11
365_38,Abdijstraat,2021-10-10 23:21:00+02:00,2021-11-05 22:35:00+01:00,34,11
365_39,Nationalestraat Zuid,2021-10-08 10:03:00+02:00,2021-11-05 10:54:00+01:00,36,11
365_40,Nationalestraat Zuid,2021-10-08 10:04:00+02:00,2021-11-05 10:54:00+01:00,36,11
365_41,Nationalestraat Noord,2021-10-08 11:08:00+02:00,2021-11-05 10:44:00+01:00,34,11
365_42,Nationalestraat Noord,2021-10-08 11:09:00+02:00,2021-11-05 10:44:00+01:00,34,11
365_43,Cassiersstraat Oost,2021-10-09 12:28:00+02:00,2021-11-07 15:20:00+01:00,38,11
365_44,Cassiersstraat Oost,2021-10-09 12:28:00+02:00,2021-11-07 15:20:00+01:00,37,11
365_45,Cassiersstraat West,2021-10-09 12:34:00+02:00,2021-11-07 15:16:00+01:00,36,11
365_46,Cassiersstraat West,2021-10-09 12:34:00+02:00,2021-11-07 15:16:00+01:00,35,11
365_47,VMM Groenenborger,2021-10-08 14:39:00+02:00,2021-11-06 15:07:00+01:00,24,11
365_48,VMM Groenenborger,2021-10-08 14:39:00+02:00,2021-11-06 15:07:00+01:00,24,11
365_49,Van Maerlant,2021-10-10 12:10:00+02:00,2021-11-07 20:25:00+01:00,45,11
365_50,Van Maerlant,2021-10-10 12:10:00+02:00,2021-11-07 20:25:00+01:00,45,11
365_51,Kennedy_lift,2021-10-10 23:36:00+02:00,2021-11-05 22:52:00+01:00,27,11
365_52,Kennedy_lift,2021-10-10 23:36:00+02:00,2021-11-05 22:52:00+01:00,28,11
365_53,Kennedy_mid,2021-10-10 23:38:00+02:00,2021-11-05 22:57:00+01:00,35,11
365_54,Kennedy_mid,2021-10-10 23:38:00+02:00,2021-11-05 22:57:00+01:00,34,11
366-1,Deurnsebaan Noord,2021-11-06 11:08:00+01:00,2021-12-04 14:19:00+01:00,40,12
366-2,Deurnsebaan Noord,2021-11-06 11:08:00+01:00,2021-12-04 14:19:00+01:00,41,12
366-3,Deurnsebaan Zuid,2021-11-06 11:07:00+01:00,2021-12-04 14:16:00+01:00,44,12
366-4,Deurnsebaan Zuid,2021-11-06 11:07:00+01:00,2021-12-04 14:16:00+01:00,43,12
366-5,Van de Perre Zuid,2021-11-05 10:26:00+01:00,2021-12-03 09:30:00+01:00,40,12
366-6,Van de Perre Zuid,2021-11-05 10:26:00+01:00,2021-12-03 09:30:00+01:00,40,12
366-7,Van de Perre Noord,2021-11-05 10:36:00+01:00,2021-12-03 09:25:00+01:00,38,12
366-8,Van de Perre Noord,2021-11-05 10:36:00+01:00,2021-12-03 09:25:00+01:00,38,12
366-9,Turnhoutsebaan BO West,2021-11-07 14:10:00+01:00,2021-12-05 16:11:00+01:00,40,12
366-10,Turnhoutsebaan BO West,2021-11-07 14:10:00+01:00,2021-12-05 16:11:00+01:00,40,12
366-11,Turnhoutsebaan BO Oost,2021-11-07 14:16:00+01:00,2021-12-05 16:18:00+01:00,39,12
366-12,Turnhoutsebaan BO Oost,2021-11-07 14:16:00+01:00,2021-12-05 16:18:00+01:00,40,12
366-13,Turnhoutsebaan DE Oost,2021-11-07 18:20:00+01:00,2021-12-04 09:22:00+01:00,41,12
366-14,Turnhoutsebaan DE Oost,2021-11-07 18:20:00+01:00,2021-12-04 09:22:00+01:00,40,12
366-15,Turnhoutsebaan DE West,2021-11-07 18:23:00+01:00,2021-12-04 09:28:00+01:00,41,12
366-16,Turnhoutsebaan DE West,2021-11-07 18:23:00+01:00,2021-12-04 09:28:00+01:00,41,12
366-17,Provinciestraat Zuid,2021-11-06 11:11:00+01:00,2021-12-05 11:42:00+01:00,35,12
366-18,Provinciestraat Zuid,2021-11-06 11:11:00+01:00,2021-12-05 11:42:00+01:00,35,12
366-19,VMM Belgiëlei,2021-11-06 10:52:00+01:00,2021-12-05 11:26:00+01:00,34,12
366-20,VMM Belgiëlei,2021-11-06 10:52:00+01:00,2021-12-05 11:26:00+01:00,34,12
366-21,Provinciestraat Noord,2021-11-06 11:03:00+01:00,2021-12-05 11:35:00+01:00,37,12
366-22,Provinciestraat Noord,2021-11-06 11:03:00+01:00,2021-12-05 11:35:00+01:00,38,12
366-23,Pothoekstraat Zuid,2021-11-06 09:16:00+01:00,2021-12-03 17:24:00+01:00,31,12
366-24,Pothoekstraat Zuid,2021-11-10 09:47:00+01:00,2021-12-03 17:24:00+01:00,41,12
366-25,Pothoekstraat Noord,2021-11-06 09:15:00+01:00,2021-12-03 17:20:00+01:00,43,12
366-26,Pothoekstraat Noord,2021-11-06 09:15:00+01:00,2021-12-03 17:20:00+01:00,43,12
366-27,Borsbeekstraat Zuid,2021-11-06 09:05:00+01:00,2021-12-03 17:09:00+01:00,35,12
366-28,Borsbeekstraat Zuid,2021-11-06 09:05:00+01:00,2021-12-03 17:09:00+01:00,35,12
366-29,Borsbeekstraat Noord,2021-11-06 09:00:00+01:00,2021-12-03 17:06:00+01:00,37,12
366-30,Borsbeekstraat Noord,2021-11-06 09:00:00+01:00,2021-12-03 17:06:00+01:00,36,12
366-31,Klappeistraat,2021-11-06 09:20:00+01:00,2021-12-03 17:28:00+01:00,30,12
366-32,Klappeistraat,2021-11-06 09:20:00+01:00,2021-12-03 17:28:00+01:00,30,12
366-33,Gijselstraat,2021-11-06 09:10:00+01:00,2021-12-03 17:15:00+01:00,32,12
366-34,Gijselstraat,2021-11-06 09:10:00+01:00,2021-12-03 17:15:00+01:00,30,12
366-35,Sint-Bernardsesteenweg,2021-11-05 22:30:00+01:00,2021-12-06 11:19:00+01:00,38,12
366-36,Sint-Bernardsesteenweg,2021-11-05 22:30:00+01:00,2021-12-06 11:19:00+01:00,37,12
366-37,Abdijstraat,2021-11-05 22:35:00+01:00,2021-12-06 11:23:00+01:00,35,12
366-38,Abdijstraat,2021-11-05 22:35:00+01:00,2021-12-06 11:23:00+01:00,34,12
366-39,Nationalestraat Zuid,2021-11-05 10:54:00+01:00,2021-12-05 11:03:00+01:00,37,12
366-40,Nationalestraat Zuid,2021-11-05 10:54:00+01:00,2021-12-05 11:01:00+01:00,37,12
366-41,Nationalestraat Noord,2021-11-05 10:44:00+01:00,2021-12-05 11:09:00+01:00,33,12
366-42,Nationalestraat Noord,2021-11-05 10:44:00+01:00,2021-12-05 11:11:00+01:00,32,12
366-43,Cassiersstraat Oost,2021-11-07 15:16:00+01:00,2021-12-03 12:04:00+01:00,40,12
366-44,Cassiersstraat West,2021-11-07 15:16:00+01:00,2021-12-03 12:04:00+01:00,39,12
366-45,Cassiersstraat West,2021-11-07 15:20:00+01:00,2021-12-03 11:56:00+01:00,38,12
366-46,Cassiersstraat Oost,2021-11-07 15:20:00+01:00,2021-12-03 11:56:00+01:00,39,12
366-47,VMM Groenenborger,2021-11-06 15:07:00+01:00,2021-12-04 13:10:00+01:00,26,12
366-48,VMM Groenenborger,2021-11-06 15:07:00+01:00,2021-12-04 13:10:00+01:00,25,12
366-49,Van Maerlant,2021-11-07 20:25:00+01:00,2021-12-04 11:00:00+01:00,45,12
366-50,Van Maerlant,2021-11-07 20:25:00+01:00,2021-12-04 11:00:00+01:00,43,12
366-51,Kennedy_lift,2021-11-05 22:52:00+01:00,2021-12-06 11:38:00+01:00,23,12
366-52,Kennedy_lift,2021-11-05 22:52:00+01:00,2021-12-06 11:38:00+01:00,24,12
366-53,Kennedy_mid,2021-11-05 22:57:00+01:00,2021-12-06 11:40:00+01:00,30,12
366-54,Kennedy_mid,2021-11-05 22:57:00+01:00,2021-12-06 11:40:00+01:00,30,12
367_1,Deurnsebaan Noord,2021-12-04 14:19:00+01:00,2022-01-04 11:54:00+01:00,35,13
367_2,Deurnsebaan Noord,2021-12-04 14:19:00+01:00,2022-01-04 11:54:00+01:00,35,13
367_3,Deurnsebaan Zuid,2021-12-04 14:16:00+01:00,2022-01-04 15:43:00+01:00,41,13
367_4,Deurnsebaan Zuid,2021-12-04 14:16:00+01:00,2022-01-04 15:43:00+01:00,42,13
367_5,Van de Perre Zuid,2021-12-03 09:30:00+01:00,2022-01-04 16:45:00+01:00,34,13
367_6,Van de Perre Zuid,2021-12-03 09:30:00+01:00,2022-01-04 16:45:00+01:00,34,13
367_7,Van de Perre Noord,2021-12-03 09:25:00+01:00,2022-01-04 16:50:00+01:00,32,13
367_8,Van de Perre Noord,2021-12-03 09:25:00+01:00,2022-01-04 16:50:00+01:00,32,13
367_9,Turnhoutsebaan BO West,2021-12-05 16:11:00+01:00,2022-01-04 15:50:00+01:00,32,13
367_10,Turnhoutsebaan BO West,2021-12-05 16:11:00+01:00,2022-01-04 15:50:00+01:00,35,13
367_11,Turnhoutsebaan BO Oost,2021-12-05 16:18:00+01:00,2022-01-04 15:56:00+01:00,33,13
367_12,Turnhoutsebaan BO Oost,2021-12-05 16:18:00+01:00,2022-01-04 15:56:00+01:00,32,13
367_13,Turnhoutsebaan DE Oost,2021-12-04 09:22:00+01:00,2022-01-04 17:25:00+01:00,35,13
367_14,Turnhoutsebaan DE Oost,2021-12-04 09:22:00+01:00,2022-01-04 17:25:00+01:00,35,13
367_15,Turnhoutsebaan DE West,2021-12-04 09:28:00+01:00,2022-01-04 17:37:00+01:00,37,13
367_16,Turnhoutsebaan DE West,2021-12-04 09:28:00+01:00,2022-01-04 17:37:00+01:00,38,13
367_17,Provinciestraat Noord,2021-12-05 11:42:00+01:00,2022-01-04 18:36:00+01:00,30,13
367_18,Provinciestraat Noord,2021-12-05 11:42:00+01:00,2022-01-04 18:36:00+01:00,31,13
367_19,VMM Belgiëlei,2021-12-05 11:26:00+01:00,2022-01-04 18:50:00+01:00,30,13
367_20,VMM Belgiëlei,2021-12-05 11:26:00+01:00,2022-01-04 18:50:00+01:00,31,13
367_21,Provinciestraat Zuid,2021-12-05 11:35:00+01:00,2022-01-04 18:42:00+01:00,31,13
367_22,Provinciestraat Zuid,2021-12-05 11:35:00+01:00,2022-01-04 18:42:00+01:00,32,13
367_23,Pothoekstraat Zuid,2021-12-03 17:24:00+01:00,2022-01-04 12:20:00+01:00,31,13
367_24,Pothoekstraat Zuid,2021-12-03 17:24:00+01:00,2022-01-04 12:20:00+01:00,31,13
367_25,Pothoekstraat Noord,2021-12-03 17:20:00+01:00,2022-01-04 12:21:00+01:00,37,13
367_26,Pothoekstraat Noord,2021-12-03 17:20:00+01:00,2022-01-04 12:21:00+01:00,35,13
367_27,Borsbeekstraat Zuid,2021-12-03 17:09:00+01:00,2022-01-04 11:58:00+01:00,32,13
367_28,Borsbeekstraat Zuid,2021-12-03 17:09:00+01:00,2022-01-04 11:58:00+01:00,32,13
367_29,Borsbeekstraat Noord,2021-12-03 17:06:00+01:00,2022-01-04 11:54:00+01:00,33,13
367_30,Borsbeekstraat Noord,2021-12-03 17:06:00+01:00,2022-01-04 11:54:00+01:00,33,13
367_31,Klappeistraat,2021-12-03 17:28:00+01:00,2022-01-04 12:30:00+01:00,25,13
367_32,Klappeistraat,2021-12-03 17:28:00+01:00,2022-01-04 12:30:00+01:00,26,13
367_33,Gijselstraat,2021-12-03 17:15:00+01:00,2022-01-04 12:05:00+01:00,29,13
367_34,Gijselstraat,2021-12-03 17:15:00+01:00,2022-01-04 12:05:00+01:00,30,13
367_35,Sint-Bernardsesteenweg,2021-12-06 11:19:00+01:00,2022-01-04 08:36:00+01:00,32,13
367_36,Sint-Bernardsesteenweg,2021-12-06 11:19:00+01:00,2022-01-04 08:36:00+01:00,33,13
367_37,Abdijstraat,2021-12-06 11:23:00+01:00,2022-01-04 08:39:00+01:00,30,13
367_38,Abdijstraat,2021-12-06 11:23:00+01:00,2022-01-04 08:39:00+01:00,30,13
367_39,Nationalestraat Zuid,2021-12-05 11:03:00+01:00,2022-01-04 19:30:00+01:00,32,13
367_40,Nationalestraat Zuid,2021-12-05 11:01:00+01:00,2022-01-04 19:30:00+01:00,33,13
367_41,Nationalestraat Noord,2021-12-05 11:09:00+01:00,2022-01-04 19:27:00+01:00,29,13
367_42,Nationalestraat Noord,2021-12-05 11:11:00+01:00,2022-01-04 19:27:00+01:00,30,13
367_43,Cassiersstraat Oost,2021-12-03 11:56:00+01:00,2022-01-04 18:01:00+01:00,32,13
367_44,Cassiersstraat Oost,2021-12-03 11:56:00+01:00,2022-01-04 18:01:00+01:00,32,13
367_45,Cassiersstraat West,2021-12-03 12:04:00+01:00,2022-01-04 18:04:00+01:00,33,13
367_46,Cassiersstraat West,2021-12-03 12:04:00+01:00,2022-01-04 18:04:00+01:00,31,13
367_47,VMM Groenenborger,2021-12-04 13:10:00+01:00,2022-01-04 09:22:00+01:00,23,13
367_48,VMM Groenenborger,2021-12-04 13:10:00+01:00,2022-01-04 09:22:00+01:00,23,13
367_49,Van Maerlant,2021-12-04 11:00:00+01:00,2022-01-04 18:25:00+01:00,38,13
367_50,Van Maerlant,2021-12-04 11:00:00+01:00,2022-01-04 18:25:00+01:00,36,13
367_51,Kennedy_lift,2021-12-06 11:38:00+01:00,2022-01-04 08:53:00+01:00,22,13
367_52,Kennedy_lift,2021-12-06 11:38:00+01:00,2022-01-04 08:53:00+01:00,22,13
367_53,Kennedy_mid,2021-12-06 11:40:00+01:00,2022-01-04 08:55:00+01:00,26,13
367_54,Kennedy_mid,2021-12-06 11:40:00+01:00,2022-01-04 08:55:00+01:00,27,13
